Job name,Duration (seconds),Time of execution,Result
Admin.Api.AcceptanceTests,30,2017-08-03T07:02:47Z,SUCCESS
Admin.Api.AcceptanceTests,30,2017-08-02T07:02:43Z,SUCCESS
Admin.Api.AcceptanceTests,30,2017-08-01T07:02:47Z,SUCCESS
Admin.Api.AcceptanceTests,29,2017-07-28T07:02:43Z,SUCCESS
Admin.Api.AcceptanceTests,30,2017-07-27T07:02:48Z,SUCCESS
Admin.Api.AcceptanceTests,30,2017-07-26T07:02:45Z,SUCCESS
Admin.Api.AcceptanceTests,30,2017-07-25T07:02:48Z,SUCCESS
Admin.Api.AcceptanceTests,29,2017-07-24T07:03:43Z,SUCCESS
Admin.Api.AcceptanceTests,30,2017-07-21T07:02:50Z,SUCCESS
Admin.Api.AcceptanceTests,29,2017-07-20T07:02:48Z,SUCCESS
Admin.Api.AcceptanceTests,29,2017-07-19T07:02:55Z,SUCCESS
Admin.Api.AcceptanceTests,28,2017-07-18T07:02:48Z,SUCCESS
Admin.Api.AcceptanceTests,29,2017-07-17T07:02:51Z,SUCCESS
Admin.Api.AcceptanceTests,28,2017-07-14T07:02:47Z,SUCCESS
Admin.Api.AcceptanceTests,28,2017-07-13T07:02:50Z,SUCCESS
Admin.Api.AcceptanceTests,28,2017-07-12T07:02:53Z,SUCCESS
Admin.Api.AcceptanceTests,28,2017-07-11T07:02:50Z,SUCCESS
Admin.Api.AcceptanceTests,28,2017-07-10T07:02:52Z,SUCCESS
Admin.Api.AcceptanceTests,28,2017-07-07T07:02:50Z,SUCCESS
Admin.Api.AcceptanceTests,28,2017-07-06T07:02:51Z,SUCCESS
Admin.Api.AcceptanceTests,29,2017-07-05T07:02:48Z,SUCCESS
Admin.Api.AcceptanceTests,28,2017-07-04T07:02:46Z,SUCCESS
Admin.Api.AcceptanceTests,27,2017-07-03T07:02:50Z,SUCCESS
Admin.Api.AcceptanceTests,28,2017-06-30T07:02:46Z,SUCCESS
Admin.Api.AcceptanceTests,28,2017-06-29T07:02:44Z,SUCCESS
Admin.Api.AcceptanceTests,28,2017-06-28T07:02:47Z,SUCCESS
Admin.Api.AcceptanceTests,28,2017-06-27T07:02:51Z,SUCCESS
Admin.Api.AcceptanceTests,28,2017-06-26T07:02:50Z,SUCCESS
Admin.Api.AcceptanceTests,31,2017-06-23T07:02:48Z,SUCCESS
Admin.Api.AcceptanceTests,24,2017-06-22T07:02:48Z,SUCCESS
Admin.Api.AcceptanceTests,29,2017-06-21T07:02:47Z,SUCCESS
Admin.Api.AcceptanceTests,31,2017-06-20T07:02:46Z,SUCCESS
Admin.Api.AcceptanceTests,29,2017-06-19T07:02:48Z,SUCCESS
Admin.Api.AcceptanceTests,30,2017-06-16T07:02:46Z,SUCCESS
Admin.Api.AcceptanceTests,28,2017-06-15T07:02:48Z,SUCCESS
Admin.Api.AcceptanceTests,28,2017-06-14T07:02:45Z,SUCCESS
Admin.Api.AcceptanceTests,28,2017-06-13T07:02:42Z,SUCCESS
Admin.Api.AcceptanceTests,29,2017-06-12T07:02:42Z,SUCCESS
Admin.Api.AcceptanceTests,28,2017-06-09T07:02:46Z,SUCCESS
Admin.Api.AcceptanceTests,24,2017-06-08T07:02:43Z,SUCCESS
Admin.Api.AcceptanceTests,28,2017-06-07T09:56:02Z,SUCCESS
Admin.Api.AcceptanceTests,29,2017-06-07T07:02:41Z,SUCCESS
Admin.Api.AcceptanceTests,29,2017-06-06T07:02:45Z,SUCCESS
Admin.Api.AcceptanceTests,29,2017-06-05T07:02:46Z,SUCCESS
Admin.Api.AcceptanceTests,25,2017-06-02T07:02:40Z,SUCCESS
Admin.Api.AcceptanceTests,28,2017-06-01T11:56:22Z,SUCCESS
Admin.Api.AcceptanceTests,28,2017-06-01T07:02:44Z,SUCCESS
Admin.Api.AcceptanceTests,28,2017-05-29T07:02:46Z,SUCCESS
Admin.Api.AcceptanceTests,30,2017-05-26T12:58:19Z,SUCCESS
Admin.Api.AcceptanceTests,28,2017-05-26T12:38:44Z,SUCCESS
Admin.Api.AcceptanceTests,28,2017-05-26T07:03:43Z,SUCCESS
Admin.Api.AcceptanceTests,31,2017-05-25T10:37:50Z,SUCCESS
Admin.Api.AcceptanceTests,29,2017-05-25T10:11:05Z,SUCCESS
Admin.Api.AcceptanceTests,31,2017-05-25T08:42:59Z,SUCCESS
Admin.Api.AcceptanceTests,29,2017-05-25T07:02:43Z,SUCCESS
Admin.Api.AcceptanceTests,30,2017-05-24T11:04:22Z,SUCCESS
Admin.Api.AcceptanceTests,25,2017-05-23T07:02:44Z,SUCCESS
Admin.Api.AcceptanceTests,25,2017-05-22T07:02:43Z,SUCCESS
Admin.Api.AcceptanceTests,26,2017-05-19T07:02:41Z,SUCCESS
Admin.Api.AcceptanceTests,28,2017-05-18T07:02:45Z,SUCCESS
Admin.Api.AcceptanceTests,27,2017-05-17T07:02:43Z,SUCCESS
Admin.Api.AcceptanceTests,28,2017-05-16T13:43:27Z,SUCCESS
Admin.Api.AcceptanceTests,31,2017-05-15T07:02:59Z,SUCCESS
Admin.Api.AcceptanceTests,26,2017-05-12T07:02:58Z,SUCCESS
Admin.Api.AcceptanceTests,32,2017-05-11T14:30:46Z,SUCCESS
Admin.Api.AcceptanceTests,32,2017-05-11T14:28:56Z,SUCCESS
Admin.Api.AcceptanceTests,28,2017-05-11T08:35:50Z,SUCCESS
Admin.Api.AcceptanceTests,27,2017-05-11T07:02:56Z,SUCCESS
Admin.Api.AcceptanceTests,27,2017-05-10T15:00:46Z,SUCCESS
Admin.Api.AcceptanceTests,28,2017-05-10T14:50:36Z,SUCCESS
Admin.Api.AcceptanceTests,26,2017-05-10T14:50:06Z,SUCCESS
Admin.Api.AcceptanceTests,27,2017-05-10T14:07:16Z,SUCCESS
Admin.Api.AcceptanceTests,29,2017-05-10T13:27:11Z,SUCCESS
Admin.Api.AcceptanceTests,27,2017-05-10T07:02:53Z,SUCCESS
Admin.Api.AcceptanceTests,27,2017-05-09T15:19:11Z,SUCCESS
Admin.Api.AcceptanceTests,29,2017-05-09T10:41:59Z,SUCCESS
Admin.Api.AcceptanceTests,27,2017-05-09T10:36:04Z,SUCCESS
Admin.Api.AcceptanceTests,27,2017-05-09T10:26:54Z,SUCCESS
Admin.Api.AcceptanceTests,27,2017-05-09T10:21:29Z,SUCCESS
Admin.Api.AcceptanceTests,27,2017-05-09T10:11:19Z,SUCCESS
Admin.Api.AcceptanceTests,27,2017-05-09T09:46:47Z,SUCCESS
Admin.Api.AcceptanceTests,27,2017-05-09T09:25:32Z,SUCCESS
Admin.Api.AcceptanceTests,28,2017-05-09T09:13:27Z,SUCCESS
Admin.Api.AcceptanceTests,27,2017-05-09T07:52:37Z,SUCCESS
Admin.Api.AcceptanceTests,27,2017-05-09T07:02:52Z,SUCCESS
Admin.Api.AcceptanceTests,30,2017-05-08T15:22:10Z,SUCCESS
Admin.Api.AcceptanceTests,31,2017-05-08T12:30:39Z,SUCCESS
Admin.Api.AcceptanceTests,29,2017-05-08T12:11:14Z,SUCCESS
Admin.Api.AcceptanceTests,29,2017-05-08T12:10:39Z,SUCCESS
Admin.Api.AcceptanceTests,27,2017-05-08T11:13:34Z,SUCCESS
Admin.Api.AcceptanceTests,28,2017-05-08T11:08:59Z,SUCCESS
Admin.Api.AcceptanceTests,29,2017-05-08T11:01:14Z,SUCCESS
Admin.Api.AcceptanceTests,33,2017-05-08T10:26:43Z,SUCCESS
Admin.Api.AcceptanceTests,26,2017-05-08T09:32:48Z,SUCCESS
AMS.AcceptanceTests.Web,245,2017-08-03T08:57:37Z,SUCCESS
AMS.AcceptanceTests.Web,245,2017-08-03T08:39:37Z,SUCCESS
AMS.AcceptanceTests.Web,270,2017-08-03T08:24:38Z,SUCCESS
AMS.AcceptanceTests.Web,250,2017-08-03T08:08:26Z,SUCCESS
AMS.AcceptanceTests.Web,241,2017-08-02T09:24:16Z,SUCCESS
AMS.AcceptanceTests.Web,247,2017-08-02T08:34:11Z,SUCCESS
AMS.AcceptanceTests.Web,244,2017-08-01T16:38:11Z,SUCCESS
AMS.AcceptanceTests.Web,243,2017-08-01T13:22:24Z,SUCCESS
AMS.AcceptanceTests.Web,252,2017-08-01T11:38:59Z,SUCCESS
AMS.AcceptanceTests.Web,251,2017-08-01T10:38:19Z,SUCCESS
AMS.AcceptanceTests.Web,250,2017-08-01T09:38:13Z,SUCCESS
AMS.AcceptanceTests.Web,252,2017-08-01T07:44:12Z,SUCCESS
AMS.AcceptanceTests.Web,246,2017-07-31T13:29:55Z,SUCCESS
AMS.AcceptanceTests.Web,258,2017-07-31T11:47:20Z,SUCCESS
AMS.AcceptanceTests.Web,247,2017-07-28T15:21:32Z,SUCCESS
AMS.AcceptanceTests.Web,247,2017-07-28T14:51:35Z,SUCCESS
AMS.AcceptanceTests.Web,256,2017-07-28T14:15:51Z,SUCCESS
AMS.AcceptanceTests.Web,247,2017-07-28T13:32:36Z,SUCCESS
AMS.AcceptanceTests.Web,241,2017-07-28T13:08:34Z,SUCCESS
AMS.AcceptanceTests.Web,255,2017-07-26T13:34:51Z,SUCCESS
AMS.AcceptanceTests.Web,242,2017-07-26T09:44:06Z,SUCCESS
AMS.AcceptanceTests.Web,237,2017-07-24T14:48:12Z,SUCCESS
AMS.AcceptanceTests.Web,240,2017-07-24T12:46:19Z,SUCCESS
AMS.AcceptanceTests.Web,241,2017-07-24T11:56:51Z,SUCCESS
AMS.AcceptanceTests.Web,238,2017-07-24T09:26:48Z,SUCCESS
AMS.AcceptanceTests.Web,241,2017-07-24T08:46:53Z,SUCCESS
AMS.AcceptanceTests.Web,249,2017-07-24T08:36:03Z,SUCCESS
AMS.AcceptanceTests.Web,239,2017-07-24T08:19:49Z,SUCCESS
AMS.AcceptanceTests.Web,240,2017-07-24T07:14:53Z,SUCCESS
AMS.AcceptanceTests.Web,240,2017-07-21T15:31:16Z,SUCCESS
AMS.AcceptanceTests.Web,238,2017-07-21T09:41:58Z,SUCCESS
AMS.AcceptanceTests.Web,245,2017-07-20T15:04:48Z,SUCCESS
AMS.AcceptanceTests.Web,238,2017-07-20T08:19:43Z,SUCCESS
AMS.AcceptanceTests.Web,242,2017-07-19T14:04:34Z,SUCCESS
AMS.AcceptanceTests.Web,237,2017-07-19T13:07:33Z,SUCCESS
AMS.AcceptanceTests.Web,242,2017-07-18T13:40:57Z,SUCCESS
AMS.AcceptanceTests.Web,240,2017-07-18T12:27:32Z,SUCCESS
AMS.AcceptanceTests.Web,234,2017-07-18T10:14:55Z,SUCCESS
AMS.AcceptanceTests.Web,234,2017-07-17T15:12:17Z,SUCCESS
AMS.AcceptanceTests.Web,255,2017-07-17T15:03:17Z,SUCCESS
AMS.AcceptanceTests.Web,236,2017-07-17T14:24:50Z,SUCCESS
AMS.AcceptanceTests.Web,232,2017-07-17T13:44:21Z,SUCCESS
AMS.AcceptanceTests.Web,237,2017-07-17T13:16:09Z,SUCCESS
AMS.AcceptanceTests.Web,229,2017-07-17T13:01:29Z,SUCCESS
AMS.AcceptanceTests.Web,236,2017-07-17T10:34:48Z,SUCCESS
AMS.AcceptanceTests.Web,236,2017-07-17T07:58:26Z,SUCCESS
AMS.AcceptanceTests.Web,239,2017-07-14T14:36:00Z,SUCCESS
AMS.AcceptanceTests.Web,230,2017-07-13T14:20:37Z,SUCCESS
AMS.AcceptanceTests.Web,235,2017-07-13T14:10:27Z,SUCCESS
AMS.AcceptanceTests.Web,238,2017-07-13T14:00:17Z,SUCCESS
AMS.AcceptanceTests.Web,230,2017-07-13T13:38:11Z,SUCCESS
AMS.AcceptanceTests.Web,228,2017-07-13T10:33:46Z,SUCCESS
AMS.AcceptanceTests.Web,235,2017-07-13T10:05:46Z,SUCCESS
AMS.AcceptanceTests.Web,228,2017-07-12T12:37:38Z,SUCCESS
AMS.AcceptanceTests.Web,234,2017-07-12T10:37:38Z,SUCCESS
AMS.AcceptanceTests.Web,230,2017-07-11T15:15:58Z,SUCCESS
AMS.AcceptanceTests.Web,228,2017-07-11T11:42:01Z,SUCCESS
AMS.AcceptanceTests.Web,229,2017-07-11T11:06:45Z,SUCCESS
AMS.AcceptanceTests.Web,229,2017-07-11T10:51:00Z,SUCCESS
AMS.AcceptanceTests.Web,232,2017-07-11T09:21:25Z,SUCCESS
AMS.AcceptanceTests.Web,233,2017-07-10T14:34:10Z,SUCCESS
AMS.AcceptanceTests.Web,235,2017-07-10T13:38:33Z,SUCCESS
AMS.AcceptanceTests.Web,237,2017-07-10T08:48:01Z,SUCCESS
AMS.AcceptanceTests.Web,234,2017-07-07T12:14:00Z,SUCCESS
AMS.AcceptanceTests.Web,233,2017-07-07T11:36:55Z,SUCCESS
AMS.AcceptanceTests.Web,240,2017-07-07T09:17:11Z,SUCCESS
AMS.AcceptanceTests.Web,228,2017-07-07T08:50:55Z,SUCCESS
AMS.AcceptanceTests.Web,234,2017-07-06T15:38:25Z,SUCCESS
AMS.AcceptanceTests.Web,240,2017-07-06T08:57:27Z,SUCCESS
AMS.AcceptanceTests.Web,235,2017-07-06T08:06:46Z,SUCCESS
AMS.AcceptanceTests.Web,239,2017-07-05T11:02:48Z,SUCCESS
AMS.AcceptanceTests.Web,239,2017-07-05T08:30:43Z,SUCCESS
AMS.AcceptanceTests.Web,236,2017-07-04T15:03:31Z,SUCCESS
AMS.AcceptanceTests.Web,230,2017-07-03T09:40:22Z,SUCCESS
AMS.AcceptanceTests.Web,231,2017-07-03T08:36:21Z,SUCCESS
AMS.AcceptanceTests.Web,231,2017-07-03T08:23:08Z,SUCCESS
AMS.AcceptanceTests.Web,232,2017-06-30T12:16:56Z,SUCCESS
AMS.AcceptanceTests.Web,230,2017-06-30T08:44:38Z,SUCCESS
AMS.AcceptanceTests.Web,226,2017-06-28T15:52:48Z,SUCCESS
AMS.AcceptanceTests.Web,231,2017-06-28T15:16:13Z,SUCCESS
AMS.AcceptanceTests.Web,235,2017-06-28T14:40:32Z,SUCCESS
AMS.AcceptanceTests.Web,235,2017-06-28T08:47:03Z,SUCCESS
AMS.AcceptanceTests.Web,230,2017-06-27T16:15:34Z,SUCCESS
AMS.AcceptanceTests.Web,233,2017-06-27T15:51:59Z,SUCCESS
AMS.AcceptanceTests.Web,232,2017-06-27T15:20:53Z,SUCCESS
AMS.AcceptanceTests.Web,232,2017-06-27T10:53:58Z,SUCCESS
AMS.Core.UnitTests,59,2017-08-03T08:52:17Z,SUCCESS
AMS.Core.UnitTests,58,2017-08-03T08:34:22Z,SUCCESS
AMS.Core.UnitTests,65,2017-08-03T08:18:57Z,SUCCESS
AMS.Core.UnitTests,56,2017-08-03T08:03:12Z,SUCCESS
AMS.Core.UnitTests,62,2017-08-02T11:21:12Z,SUCCESS
AMS.Core.UnitTests,61,2017-08-02T09:18:51Z,SUCCESS
AMS.Core.UnitTests,63,2017-08-02T09:10:21Z,SUCCESS
AMS.Core.UnitTests,60,2017-08-02T08:28:51Z,SUCCESS
AMS.Core.UnitTests,57,2017-08-01T16:32:56Z,SUCCESS
AMS.Core.UnitTests,45,2017-08-01T15:29:15Z,SUCCESS
AMS.Core.UnitTests,62,2017-08-01T13:16:59Z,SUCCESS
AMS.Core.UnitTests,59,2017-08-01T11:33:39Z,SUCCESS
AMS.Core.UnitTests,62,2017-08-01T10:32:54Z,SUCCESS
AMS.Core.UnitTests,61,2017-08-01T09:32:53Z,SUCCESS
AMS.Core.UnitTests,73,2017-08-01T07:38:42Z,SUCCESS
AMS.Core.UnitTests,59,2017-07-31T15:11:45Z,SUCCESS
AMS.Core.UnitTests,58,2017-07-31T14:35:05Z,SUCCESS
AMS.Core.UnitTests,57,2017-07-31T13:24:35Z,SUCCESS
AMS.Core.UnitTests,72,2017-07-31T11:41:45Z,SUCCESS
AMS.Core.UnitTests,61,2017-07-28T15:16:15Z,SUCCESS
AMS.Core.UnitTests,61,2017-07-28T14:46:15Z,SUCCESS
AMS.Core.UnitTests,59,2017-07-28T14:10:24Z,SUCCESS
AMS.Core.UnitTests,59,2017-07-28T13:27:14Z,SUCCESS
AMS.Core.UnitTests,62,2017-07-28T13:03:09Z,SUCCESS
AMS.Core.UnitTests,65,2017-07-28T12:54:39Z,SUCCESS
AMS.Core.UnitTests,58,2017-07-28T11:30:58Z,SUCCESS
AMS.Core.UnitTests,63,2017-07-28T11:23:03Z,SUCCESS
AMS.Core.UnitTests,62,2017-07-28T10:44:22Z,SUCCESS
AMS.Core.UnitTests,55,2017-07-28T09:59:42Z,SUCCESS
AMS.Core.UnitTests,54,2017-07-28T09:41:36Z,SUCCESS
AMS.Core.UnitTests,61,2017-07-26T13:29:31Z,SUCCESS
AMS.Core.UnitTests,59,2017-07-26T09:38:51Z,SUCCESS
AMS.Core.UnitTests,46,2017-07-24T12:41:34Z,SUCCESS
AMS.Core.UnitTests,51,2017-07-24T11:51:59Z,SUCCESS
AMS.Core.UnitTests,50,2017-07-24T09:21:59Z,SUCCESS
AMS.Core.UnitTests,47,2017-07-24T08:41:58Z,SUCCESS
AMS.Core.UnitTests,62,2017-07-24T08:30:53Z,SUCCESS
AMS.Core.UnitTests,47,2017-07-24T08:14:59Z,SUCCESS
AMS.Core.UnitTests,47,2017-07-24T07:10:03Z,SUCCESS
AMS.Core.UnitTests,48,2017-07-21T15:26:26Z,SUCCESS
AMS.Core.UnitTests,46,2017-07-21T09:37:13Z,SUCCESS
AMS.Core.UnitTests,47,2017-07-20T15:00:03Z,SUCCESS
AMS.Core.UnitTests,45,2017-07-20T08:15:03Z,SUCCESS
AMS.Core.UnitTests,46,2017-07-19T13:59:48Z,SUCCESS
AMS.Core.UnitTests,46,2017-07-19T13:02:48Z,SUCCESS
AMS.Core.UnitTests,44,2017-07-18T14:29:22Z,SUCCESS
AMS.Core.UnitTests,44,2017-07-18T14:19:32Z,SUCCESS
AMS.Core.UnitTests,57,2017-07-18T13:36:07Z,SUCCESS
AMS.Core.UnitTests,47,2017-07-18T13:13:57Z,SUCCESS
AMS.Core.UnitTests,47,2017-07-18T12:22:46Z,SUCCESS
AMS.Core.UnitTests,48,2017-07-18T10:09:35Z,SUCCESS
AMS.Core.UnitTests,48,2017-07-18T10:04:30Z,SUCCESS
AMS.Core.UnitTests,46,2017-07-17T15:07:37Z,SUCCESS
AMS.Core.UnitTests,43,2017-07-17T14:58:25Z,SUCCESS
AMS.Core.UnitTests,43,2017-07-17T14:20:10Z,SUCCESS
AMS.Core.UnitTests,44,2017-07-17T13:39:50Z,SUCCESS
AMS.Core.UnitTests,41,2017-07-17T13:23:24Z,SUCCESS
AMS.Core.UnitTests,51,2017-07-17T13:11:14Z,SUCCESS
AMS.Core.UnitTests,48,2017-07-17T12:56:12Z,SUCCESS
AMS.Core.UnitTests,42,2017-07-17T12:51:19Z,SUCCESS
AMS.Core.UnitTests,43,2017-07-17T10:24:48Z,SUCCESS
AMS.Core.UnitTests,44,2017-07-17T10:10:57Z,SUCCESS
AMS.Core.UnitTests,44,2017-07-17T07:53:51Z,SUCCESS
AMS.Core.UnitTests,46,2017-07-14T14:31:15Z,SUCCESS
AMS.IntegrationTests,108,2017-08-03T08:55:37Z,SUCCESS
AMS.IntegrationTests,109,2017-08-03T08:37:37Z,SUCCESS
AMS.IntegrationTests,110,2017-08-03T08:22:37Z,SUCCESS
AMS.IntegrationTests,107,2017-08-03T08:06:27Z,SUCCESS
AMS.IntegrationTests,105,2017-08-02T09:22:16Z,SUCCESS
AMS.IntegrationTests,109,2017-08-02T09:13:56Z,SUCCESS
AMS.IntegrationTests,108,2017-08-02T08:32:11Z,SUCCESS
AMS.IntegrationTests,107,2017-08-01T16:36:11Z,SUCCESS
AMS.IntegrationTests,108,2017-08-01T13:20:24Z,SUCCESS
AMS.IntegrationTests,106,2017-08-01T11:36:59Z,SUCCESS
AMS.IntegrationTests,107,2017-08-01T10:36:19Z,SUCCESS
AMS.IntegrationTests,104,2017-08-01T09:36:18Z,SUCCESS
AMS.IntegrationTests,104,2017-08-01T07:42:17Z,SUCCESS
AMS.IntegrationTests,278,2017-07-31T15:15:00Z,SUCCESS
AMS.IntegrationTests,110,2017-07-31T13:27:50Z,SUCCESS
AMS.IntegrationTests,108,2017-07-31T11:45:20Z,SUCCESS
AMS.IntegrationTests,105,2017-07-28T15:19:35Z,SUCCESS
AMS.IntegrationTests,109,2017-07-28T14:49:35Z,SUCCESS
AMS.IntegrationTests,115,2017-07-28T14:13:45Z,SUCCESS
AMS.IntegrationTests,110,2017-07-28T13:30:34Z,SUCCESS
AMS.IntegrationTests,105,2017-07-28T13:06:34Z,SUCCESS
AMS.IntegrationTests,109,2017-07-28T12:58:29Z,SUCCESS
AMS.IntegrationTests,109,2017-07-28T11:34:13Z,SUCCESS
AMS.IntegrationTests,113,2017-07-28T11:26:38Z,SUCCESS
AMS.IntegrationTests,106,2017-07-28T10:47:47Z,SUCCESS
AMS.IntegrationTests,105,2017-07-26T13:32:51Z,SUCCESS
AMS.IntegrationTests,107,2017-07-26T09:42:06Z,SUCCESS
AMS.IntegrationTests,103,2017-07-24T12:44:24Z,SUCCESS
AMS.IntegrationTests,106,2017-07-24T11:54:54Z,SUCCESS
AMS.IntegrationTests,106,2017-07-24T09:24:49Z,SUCCESS
AMS.IntegrationTests,108,2017-07-24T08:44:53Z,SUCCESS
AMS.IntegrationTests,108,2017-07-24T08:34:03Z,SUCCESS
AMS.IntegrationTests,108,2017-07-24T08:17:49Z,SUCCESS
AMS.IntegrationTests,108,2017-07-24T07:12:53Z,SUCCESS
AMS.IntegrationTests,106,2017-07-21T15:29:16Z,SUCCESS
AMS.IntegrationTests,109,2017-07-21T09:39:58Z,SUCCESS
AMS.IntegrationTests,105,2017-07-20T15:02:48Z,SUCCESS
AMS.IntegrationTests,101,2017-07-20T08:17:48Z,SUCCESS
AMS.IntegrationTests,102,2017-07-19T14:02:38Z,SUCCESS
AMS.IntegrationTests,105,2017-07-19T13:05:33Z,SUCCESS
AMS.IntegrationTests,102,2017-07-18T13:39:02Z,SUCCESS
AMS.IntegrationTests,105,2017-07-18T12:25:32Z,SUCCESS
AMS.IntegrationTests,106,2017-07-18T10:12:20Z,SUCCESS
AMS.IntegrationTests,109,2017-07-18T10:07:25Z,SUCCESS
AMS.IntegrationTests,104,2017-07-17T15:10:22Z,SUCCESS
AMS.IntegrationTests,105,2017-07-17T15:01:22Z,SUCCESS
AMS.IntegrationTests,105,2017-07-17T14:22:50Z,SUCCESS
AMS.IntegrationTests,101,2017-07-17T13:42:30Z,SUCCESS
AMS.IntegrationTests,102,2017-07-17T13:26:04Z,SUCCESS
AMS.IntegrationTests,104,2017-07-17T13:14:14Z,SUCCESS
AMS.IntegrationTests,103,2017-07-17T12:59:04Z,SUCCESS
AMS.IntegrationTests,101,2017-07-17T12:54:09Z,SUCCESS
AMS.IntegrationTests,105,2017-07-17T10:32:53Z,SUCCESS
AMS.IntegrationTests,101,2017-07-17T07:56:31Z,SUCCESS
AMS.IntegrationTests,105,2017-07-14T14:34:00Z,SUCCESS
AMS.IntegrationTests,100,2017-07-13T14:18:42Z,SUCCESS
AMS.IntegrationTests,100,2017-07-13T14:08:32Z,SUCCESS
AMS.IntegrationTests,100,2017-07-13T13:58:22Z,SUCCESS
AMS.IntegrationTests,99,2017-07-13T13:36:21Z,SUCCESS
AMS.IntegrationTests,100,2017-07-13T10:31:51Z,SUCCESS
AMS.IntegrationTests,99,2017-07-13T10:03:56Z,SUCCESS
AMS.IntegrationTests,100,2017-07-12T12:35:43Z,SUCCESS
AMS.IntegrationTests,104,2017-07-12T10:35:43Z,SUCCESS
AMS.IntegrationTests,99,2017-07-11T15:14:09Z,SUCCESS
AMS.IntegrationTests,100,2017-07-11T11:40:06Z,SUCCESS
AMS.IntegrationTests,99,2017-07-11T11:04:55Z,SUCCESS
AMS.IntegrationTests,100,2017-07-11T10:49:05Z,SUCCESS
AMS.IntegrationTests,99,2017-07-11T09:19:35Z,SUCCESS
AMS.IntegrationTests,103,2017-07-10T14:32:17Z,SUCCESS
AMS.IntegrationTests,106,2017-07-10T13:36:36Z,SUCCESS
AMS.IntegrationTests,102,2017-07-10T08:46:08Z,SUCCESS
AMS.IntegrationTests,100,2017-07-07T12:12:05Z,SUCCESS
AMS.IntegrationTests,101,2017-07-07T11:35:00Z,SUCCESS
AMS.IntegrationTests,102,2017-07-07T09:15:16Z,SUCCESS
AMS.IntegrationTests,99,2017-07-07T08:48:26Z,SUCCESS
AMS.IntegrationTests,101,2017-07-07T08:43:46Z,SUCCESS
AMS.IntegrationTests,103,2017-07-06T15:36:30Z,SUCCESS
AMS.IntegrationTests,104,2017-07-06T08:55:32Z,SUCCESS
AMS.IntegrationTests,108,2017-07-06T08:04:46Z,SUCCESS
AMS.IntegrationTests,106,2017-07-05T11:00:48Z,SUCCESS
AMS.IntegrationTests,114,2017-07-05T08:28:38Z,SUCCESS
AMS.IntegrationTests,102,2017-07-04T15:01:36Z,SUCCESS
AMS.SmokeTest,116,2017-08-03T09:47:57Z,SUCCESS
AMS.SmokeTest,109,2017-08-03T09:41:00Z,SUCCESS
AMS.SmokeTest,112,2017-08-03T09:39:07Z,SUCCESS
AMS.SmokeTest,96,2017-08-02T09:16:16Z,SUCCESS
AMS.SmokeTest,88,2017-08-02T09:12:59Z,SUCCESS
AMS.SmokeTest,92,2017-08-02T08:47:31Z,SUCCESS
AMS.SmokeTest,77,2017-08-01T15:53:20Z,SUCCESS
AMS.SmokeTest,69,2017-08-01T13:34:56Z,SUCCESS
AMS.SmokeTest,113,2017-08-01T11:09:11Z,SUCCESS
AMS.SmokeTest,110,2017-08-01T10:57:41Z,SUCCESS
AMS.SmokeTest,106,2017-08-01T10:52:57Z,SUCCESS
AMS.SmokeTest,112,2017-08-01T10:01:22Z,SUCCESS
AMS.SmokeTest,98,2017-08-01T09:51:01Z,SUCCESS
AMS.SmokeTest,117,2017-08-01T09:49:04Z,SUCCESS
AMS.SmokeTest,90,2017-08-01T08:28:04Z,SUCCESS
AMS.SmokeTest,79,2017-08-01T08:09:33Z,SUCCESS
AMS.SmokeTest,86,2017-07-31T13:49:33Z,SUCCESS
AMS.SmokeTest,77,2017-07-31T13:42:36Z,SUCCESS
AMS.SmokeTest,88,2017-07-31T13:41:08Z,SUCCESS
AMS.SmokeTest,84,2017-07-31T12:49:14Z,SUCCESS
AMS.SmokeTest,88,2017-07-31T12:38:10Z,SUCCESS
AMS.SmokeTest,87,2017-07-31T08:03:42Z,SUCCESS
AMS.SmokeTest,78,2017-07-31T07:43:04Z,SUCCESS
AMS.SmokeTest,94,2017-07-28T15:01:19Z,SUCCESS
AMS.SmokeTest,95,2017-07-28T14:26:51Z,SUCCESS
AMS.SmokeTest,92,2017-07-28T13:44:24Z,SUCCESS
AMS.SmokeTest,77,2017-07-25T08:56:03Z,SUCCESS
AMS.SmokeTest,76,2017-07-25T08:53:28Z,SUCCESS
AMS.SmokeTest,74,2017-07-25T08:45:20Z,SUCCESS
AMS.SmokeTest,83,2017-07-24T14:01:09Z,SUCCESS
AMS.SmokeTest,86,2017-07-24T13:22:12Z,SUCCESS
AMS.SmokeTest,87,2017-07-24T12:28:52Z,SUCCESS
AMS.SmokeTest,94,2017-07-24T09:01:55Z,SUCCESS
AMS.SmokeTest,91,2017-07-19T13:54:01Z,SUCCESS
AMS.SmokeTest,86,2017-07-18T10:58:54Z,SUCCESS
AMS.SmokeTest,79,2017-07-18T10:43:46Z,SUCCESS
AMS.SmokeTest,83,2017-07-18T10:23:10Z,SUCCESS
AMS.SmokeTest,92,2017-07-18T08:28:00Z,SUCCESS
AMS.SmokeTest,91,2017-07-18T08:24:16Z,SUCCESS
AMS.SmokeTest,96,2017-07-18T07:01:07Z,SUCCESS
AMS.SmokeTest,77,2017-07-17T13:26:27Z,SUCCESS
AMS.SmokeTest,75,2017-07-17T13:25:12Z,SUCCESS
AMS.SmokeTest,92,2017-07-17T10:48:18Z,SUCCESS
AMS.SmokeTest,92,2017-07-17T09:13:26Z,SUCCESS
AMS.SmokeTest,85,2017-07-17T09:02:20Z,SUCCESS
AMS.SmokeTest,88,2017-07-17T08:59:23Z,SUCCESS
AMS.SmokeTest,75,2017-07-17T08:37:18Z,SUCCESS
AMS.SmokeTest,79,2017-07-13T14:28:21Z,SUCCESS
AMS.SmokeTest,82,2017-07-13T14:08:08Z,SUCCESS
AMS.SmokeTest,81,2017-07-13T13:47:20Z,SUCCESS
AMS.SmokeTest,91,2017-07-13T10:19:10Z,SUCCESS
AMS.SmokeTest,93,2017-07-12T10:57:05Z,SUCCESS
AMS.SmokeTest,82,2017-07-10T14:42:24Z,SUCCESS
AMS.SmokeTest,97,2017-07-10T09:46:44Z,SUCCESS
AMS.SmokeTest,106,2017-07-03T13:51:15Z,SUCCESS
AMS.SmokeTest,77,2017-07-03T13:34:55Z,SUCCESS
AMS.SmokeTest,87,2017-07-03T10:03:51Z,SUCCESS
AMS.SmokeTest,89,2017-07-03T08:46:05Z,SUCCESS
AMS.SmokeTest,82,2017-07-03T08:43:08Z,SUCCESS
AMS.SmokeTest,85,2017-07-03T08:30:51Z,SUCCESS
AMS.SmokeTest,77,2017-06-30T14:15:50Z,SUCCESS
AMS.SmokeTest,92,2017-06-30T12:42:53Z,SUCCESS
AMS.SmokeTest,80,2017-06-30T12:37:48Z,SUCCESS
AMS.SmokeTest,81,2017-06-30T08:52:06Z,SUCCESS
AMS.SmokeTest,72,2017-06-29T08:31:22Z,SUCCESS
AMS.SmokeTest,75,2017-06-29T08:28:10Z,SUCCESS
AMS.SmokeTest,77,2017-06-28T16:00:26Z,SUCCESS
AMS.SmokeTest,82,2017-06-28T14:48:16Z,SUCCESS
AMS.SmokeTest,75,2017-06-28T14:13:17Z,SUCCESS
AMS.SmokeTest,85,2017-06-28T10:00:09Z,SUCCESS
AMS.SmokeTest,80,2017-06-28T09:40:38Z,SUCCESS
AMS.SmokeTest,78,2017-06-27T16:28:49Z,SUCCESS
AMS.SmokeTest,76,2017-06-27T15:59:59Z,SUCCESS
AMS.SmokeTest,87,2017-06-27T12:35:18Z,SUCCESS
AMS.SmokeTest,71,2017-06-27T12:32:15Z,SUCCESS
AMS.SmokeTest,83,2017-06-27T12:20:36Z,SUCCESS
AMS.SmokeTest,72,2017-06-27T09:18:15Z,SUCCESS
AMS.UnitTests2,116,2017-08-03T08:53:27Z,SUCCESS
AMS.UnitTests2,113,2017-08-03T08:35:32Z,SUCCESS
AMS.UnitTests2,126,2017-08-03T08:20:17Z,SUCCESS
AMS.UnitTests2,113,2017-08-03T08:04:22Z,SUCCESS
AMS.UnitTests2,128,2017-08-02T11:22:27Z,SUCCESS
AMS.UnitTests2,116,2017-08-02T09:20:06Z,SUCCESS
AMS.UnitTests2,127,2017-08-02T09:11:36Z,SUCCESS
AMS.UnitTests2,116,2017-08-02T08:30:01Z,SUCCESS
AMS.UnitTests2,111,2017-08-01T16:34:06Z,SUCCESS
AMS.UnitTests2,116,2017-08-01T13:18:14Z,SUCCESS
AMS.UnitTests2,117,2017-08-01T11:34:49Z,SUCCESS
AMS.UnitTests2,117,2017-08-01T10:34:09Z,SUCCESS
AMS.UnitTests2,117,2017-08-01T09:34:08Z,SUCCESS
AMS.UnitTests2,117,2017-08-01T07:40:07Z,SUCCESS
AMS.UnitTests2,115,2017-07-31T15:12:55Z,SUCCESS
AMS.UnitTests2,114,2017-07-31T14:36:15Z,SUCCESS
AMS.UnitTests2,115,2017-07-31T13:25:45Z,SUCCESS
AMS.UnitTests2,118,2017-07-31T11:43:10Z,SUCCESS
AMS.UnitTests2,113,2017-07-28T15:17:30Z,SUCCESS
AMS.UnitTests2,114,2017-07-28T14:47:30Z,SUCCESS
AMS.UnitTests2,116,2017-07-28T14:11:34Z,SUCCESS
AMS.UnitTests2,117,2017-07-28T13:28:24Z,SUCCESS
AMS.UnitTests2,117,2017-07-28T13:04:24Z,SUCCESS
AMS.UnitTests2,136,2017-07-28T12:55:59Z,SUCCESS
AMS.UnitTests2,113,2017-07-28T11:32:08Z,SUCCESS
AMS.UnitTests2,126,2017-07-28T11:24:18Z,SUCCESS
AMS.UnitTests2,118,2017-07-28T10:45:37Z,SUCCESS
AMS.UnitTests2,114,2017-07-26T13:30:46Z,SUCCESS
AMS.UnitTests2,113,2017-07-26T09:40:01Z,SUCCESS
AMS.UnitTests2,98,2017-07-24T12:42:34Z,SUCCESS
AMS.UnitTests2,96,2017-07-24T11:53:04Z,SUCCESS
AMS.UnitTests2,98,2017-07-24T09:22:59Z,SUCCESS
AMS.UnitTests2,103,2017-07-24T08:42:58Z,SUCCESS
AMS.UnitTests2,102,2017-07-24T08:32:08Z,SUCCESS
AMS.UnitTests2,97,2017-07-24T08:15:59Z,SUCCESS
AMS.UnitTests2,98,2017-07-24T07:11:03Z,SUCCESS
AMS.UnitTests2,99,2017-07-21T15:27:26Z,SUCCESS
AMS.UnitTests2,95,2017-07-21T09:38:09Z,SUCCESS
AMS.UnitTests2,95,2017-07-20T15:01:01Z,SUCCESS
AMS.UnitTests2,92,2017-07-20T08:16:02Z,SUCCESS
AMS.UnitTests2,96,2017-07-19T14:00:48Z,SUCCESS
AMS.UnitTests2,94,2017-07-19T13:03:48Z,SUCCESS
AMS.UnitTests2,93,2017-07-18T14:30:17Z,SUCCESS
AMS.UnitTests2,92,2017-07-18T14:20:27Z,SUCCESS
AMS.UnitTests2,94,2017-07-18T13:37:17Z,SUCCESS
AMS.UnitTests2,92,2017-07-18T13:14:57Z,SUCCESS
AMS.UnitTests2,93,2017-07-18T12:23:47Z,SUCCESS
AMS.UnitTests2,94,2017-07-18T10:10:35Z,SUCCESS
AMS.UnitTests2,103,2017-07-18T10:05:30Z,SUCCESS
AMS.UnitTests2,94,2017-07-17T15:08:37Z,SUCCESS
AMS.UnitTests2,107,2017-07-17T14:59:20Z,SUCCESS
AMS.UnitTests2,94,2017-07-17T14:21:05Z,SUCCESS
AMS.UnitTests2,92,2017-07-17T13:40:45Z,SUCCESS
AMS.UnitTests2,93,2017-07-17T13:24:19Z,SUCCESS
AMS.UnitTests2,102,2017-07-17T13:12:19Z,SUCCESS
AMS.UnitTests2,95,2017-07-17T12:57:14Z,SUCCESS
AMS.UnitTests2,103,2017-07-17T12:52:14Z,SUCCESS
AMS.UnitTests2,85,2017-07-17T10:31:16Z,SUCCESS
AMS.UnitTests2,93,2017-07-17T10:25:43Z,SUCCESS
AMS.UnitTests2,97,2017-07-17T10:11:52Z,SUCCESS
AMS.UnitTests2,94,2017-07-17T07:54:46Z,SUCCESS
AMS.UnitTests2,93,2017-07-14T14:32:12Z,SUCCESS
AMS.UnitTests2,90,2017-07-13T14:17:02Z,SUCCESS
AMS.UnitTests2,88,2017-07-13T14:06:52Z,SUCCESS
AMS.UnitTests2,89,2017-07-13T13:56:42Z,SUCCESS
AMS.UnitTests2,90,2017-07-13T13:34:41Z,SUCCESS
AMS.UnitTests2,93,2017-07-13T13:16:56Z,SUCCESS
AMS.UnitTests2,90,2017-07-13T10:30:06Z,SUCCESS
AMS.UnitTests2,92,2017-07-13T10:02:11Z,SUCCESS
AMS.UnitTests2,89,2017-07-12T12:34:03Z,SUCCESS
AMS.UnitTests2,90,2017-07-12T10:34:03Z,SUCCESS
AMS.UnitTests2,91,2017-07-12T10:17:48Z,SUCCESS
AMS.UnitTests2,86,2017-07-11T15:12:32Z,SUCCESS
AMS.UnitTests2,90,2017-07-11T11:38:24Z,SUCCESS
AMS.UnitTests2,89,2017-07-11T11:03:15Z,SUCCESS
AMS.UnitTests2,87,2017-07-11T10:47:25Z,SUCCESS
AMS.UnitTests2,89,2017-07-11T09:17:55Z,SUCCESS
AMS.UnitTests2,88,2017-07-10T14:30:37Z,SUCCESS
AMS.UnitTests2,97,2017-07-10T13:34:46Z,SUCCESS
AMS.UnitTests2,90,2017-07-10T08:44:23Z,SUCCESS
AMS.UnitTests2,89,2017-07-07T12:10:25Z,SUCCESS
AMS.UnitTests2,88,2017-07-07T11:33:20Z,SUCCESS
AMS.UnitTests2,91,2017-07-07T09:13:31Z,SUCCESS
AMS.UnitTests2,91,2017-07-07T08:46:44Z,SUCCESS
AMS.UnitTests2,101,2017-07-07T08:41:51Z,SUCCESS
AMS.UnitTests2,90,2017-07-06T15:34:45Z,SUCCESS
AMS.UnitTests2,87,2017-07-06T15:03:57Z,SUCCESS
AMS.UnitTests2,92,2017-07-06T14:57:47Z,SUCCESS
AMS.UnitTests2,91,2017-07-06T14:46:01Z,SUCCESS
AMS.UnitTests2,91,2017-07-06T08:53:47Z,SUCCESS
AMS.UnitTests2,92,2017-07-06T08:03:01Z,SUCCESS
AMS.UnitTests2,92,2017-07-05T10:59:03Z,SUCCESS
ECommerce.IntegrationTests,9,2017-08-03T08:53:38Z,SUCCESS
ECommerce.IntegrationTests,8,2017-08-03T08:35:40Z,SUCCESS
ECommerce.IntegrationTests,8,2017-08-03T08:20:24Z,SUCCESS
ECommerce.IntegrationTests,8,2017-08-03T08:04:29Z,SUCCESS
ECommerce.IntegrationTests,9,2017-08-02T11:22:40Z,SUCCESS
ECommerce.IntegrationTests,8,2017-08-02T09:20:15Z,SUCCESS
ECommerce.IntegrationTests,10,2017-08-02T09:11:47Z,SUCCESS
ECommerce.IntegrationTests,9,2017-08-02T08:30:13Z,SUCCESS
ECommerce.IntegrationTests,7,2017-08-01T16:34:13Z,SUCCESS
ECommerce.IntegrationTests,8,2017-08-01T15:30:16Z,SUCCESS
ECommerce.IntegrationTests,8,2017-08-01T13:18:22Z,SUCCESS
ECommerce.IntegrationTests,8,2017-08-01T11:35:00Z,SUCCESS
ECommerce.IntegrationTests,8,2017-08-01T10:34:17Z,SUCCESS
ECommerce.IntegrationTests,8,2017-08-01T09:34:16Z,SUCCESS
ECommerce.IntegrationTests,8,2017-08-01T07:40:18Z,SUCCESS
ECommerce.IntegrationTests,8,2017-07-31T15:13:07Z,SUCCESS
ECommerce.IntegrationTests,8,2017-07-31T14:36:25Z,SUCCESS
ECommerce.IntegrationTests,8,2017-07-31T13:25:54Z,SUCCESS
ECommerce.IntegrationTests,8,2017-07-31T11:43:31Z,SUCCESS
ECommerce.IntegrationTests,8,2017-07-28T15:17:38Z,SUCCESS
ECommerce.IntegrationTests,8,2017-07-28T14:47:37Z,SUCCESS
ECommerce.IntegrationTests,9,2017-07-28T14:11:46Z,SUCCESS
ECommerce.IntegrationTests,8,2017-07-28T13:28:34Z,SUCCESS
ECommerce.IntegrationTests,9,2017-07-28T13:04:32Z,SUCCESS
ECommerce.IntegrationTests,9,2017-07-28T12:56:11Z,SUCCESS
ECommerce.IntegrationTests,8,2017-07-28T11:32:16Z,SUCCESS
ECommerce.IntegrationTests,11,2017-07-28T11:24:34Z,SUCCESS
ECommerce.IntegrationTests,8,2017-07-28T10:45:46Z,SUCCESS
ECommerce.IntegrationTests,9,2017-07-28T10:00:58Z,SUCCESS
ECommerce.IntegrationTests,8,2017-07-28T09:42:51Z,SUCCESS
ECommerce.IntegrationTests,8,2017-07-26T13:30:53Z,SUCCESS
ECommerce.IntegrationTests,8,2017-07-26T09:40:10Z,SUCCESS
ECommerce.IntegrationTests,8,2017-07-24T12:42:36Z,SUCCESS
ECommerce.IntegrationTests,8,2017-07-24T11:53:05Z,SUCCESS
ECommerce.IntegrationTests,8,2017-07-24T09:23:04Z,SUCCESS
ECommerce.IntegrationTests,9,2017-07-24T08:43:04Z,SUCCESS
ECommerce.IntegrationTests,9,2017-07-24T08:32:14Z,SUCCESS
ECommerce.IntegrationTests,8,2017-07-24T08:16:01Z,SUCCESS
ECommerce.IntegrationTests,9,2017-07-24T07:11:07Z,SUCCESS
ECommerce.IntegrationTests,8,2017-07-21T15:27:30Z,SUCCESS
ECommerce.IntegrationTests,8,2017-07-21T09:38:15Z,SUCCESS
ECommerce.IntegrationTests,8,2017-07-20T15:01:06Z,SUCCESS
ECommerce.IntegrationTests,8,2017-07-20T08:16:02Z,SUCCESS
ECommerce.IntegrationTests,8,2017-07-19T14:00:51Z,SUCCESS
ECommerce.IntegrationTests,7,2017-07-19T13:03:48Z,SUCCESS
ECommerce.IntegrationTests,8,2017-07-18T14:30:23Z,SUCCESS
ECommerce.IntegrationTests,7,2017-07-18T14:20:32Z,SUCCESS
ECommerce.IntegrationTests,9,2017-07-18T13:37:18Z,SUCCESS
ECommerce.IntegrationTests,8,2017-07-18T13:14:59Z,SUCCESS
ECommerce.IntegrationTests,7,2017-07-18T12:23:48Z,SUCCESS
ECommerce.IntegrationTests,7,2017-07-18T10:10:39Z,SUCCESS
ECommerce.IntegrationTests,9,2017-07-18T10:05:33Z,SUCCESS
ECommerce.IntegrationTests,7,2017-07-17T15:08:37Z,SUCCESS
ECommerce.IntegrationTests,8,2017-07-17T14:59:24Z,SUCCESS
ECommerce.IntegrationTests,8,2017-07-17T14:21:08Z,SUCCESS
ECommerce.IntegrationTests,8,2017-07-17T13:40:49Z,SUCCESS
ECommerce.IntegrationTests,7,2017-07-17T13:24:21Z,SUCCESS
ECommerce.IntegrationTests,10,2017-07-17T13:12:23Z,SUCCESS
ECommerce.IntegrationTests,7,2017-07-17T12:57:15Z,SUCCESS
ECommerce.IntegrationTests,7,2017-07-17T12:52:19Z,SUCCESS
ECommerce.IntegrationTests,8,2017-07-17T10:25:46Z,SUCCESS
ECommerce.IntegrationTests,8,2017-07-17T10:11:56Z,SUCCESS
ECommerce.IntegrationTests,7,2017-07-17T07:54:51Z,SUCCESS
ECommerce.IntegrationTests,7,2017-07-14T14:32:17Z,SUCCESS
ECommerce.IntegrationTests,8,2017-07-13T14:17:04Z,SUCCESS
ECommerce.IntegrationTests,7,2017-07-13T14:06:55Z,SUCCESS
ECommerce.IntegrationTests,7,2017-07-13T13:56:44Z,SUCCESS
ECommerce.IntegrationTests,7,2017-07-13T13:34:41Z,SUCCESS
ECommerce.IntegrationTests,7,2017-07-13T13:16:56Z,SUCCESS
ECommerce.IntegrationTests,7,2017-07-13T10:30:06Z,SUCCESS
ECommerce.IntegrationTests,7,2017-07-13T10:02:11Z,SUCCESS
ECommerce.IntegrationTests,7,2017-07-12T12:34:04Z,SUCCESS
ECommerce.IntegrationTests,7,2017-07-12T10:34:07Z,SUCCESS
ECommerce.IntegrationTests,7,2017-07-12T10:17:52Z,SUCCESS
ECommerce.IntegrationTests,7,2017-07-11T15:12:33Z,SUCCESS
ECommerce.IntegrationTests,7,2017-07-11T15:04:42Z,SUCCESS
ECommerce.IntegrationTests,7,2017-07-11T14:56:29Z,SUCCESS
ECommerce.IntegrationTests,7,2017-07-11T14:50:01Z,SUCCESS
ECommerce.IntegrationTests,7,2017-07-11T14:40:39Z,SUCCESS
ECommerce.IntegrationTests,7,2017-07-11T11:38:24Z,SUCCESS
ECommerce.IntegrationTests,7,2017-07-11T11:03:20Z,SUCCESS
ECommerce.IntegrationTests,7,2017-07-11T10:47:29Z,SUCCESS
ECommerce.IntegrationTests,7,2017-07-11T09:17:56Z,SUCCESS
ECommerce.IntegrationTests,7,2017-07-10T14:30:39Z,SUCCESS
ECommerce.IntegrationTests,7,2017-07-10T13:34:50Z,SUCCESS
ECommerce.IntegrationTests,7,2017-07-10T08:44:24Z,SUCCESS
ECommerce.IntegrationTests,8,2017-07-10T08:26:45Z,SUCCESS
ECommerce.IntegrationTests,7,2017-07-07T12:10:27Z,SUCCESS
ECommerce.IntegrationTests,7,2017-07-07T11:33:21Z,SUCCESS
ECommerce.IntegrationTests,7,2017-07-07T09:13:32Z,SUCCESS
ECommerce.IntegrationTests,7,2017-07-07T08:46:45Z,SUCCESS
ECommerce.IntegrationTests,8,2017-07-07T08:41:55Z,SUCCESS
ECommerce.IntegrationTests,7,2017-07-06T15:34:47Z,SUCCESS
ECommerce.IntegrationTests,7,2017-07-06T14:57:50Z,SUCCESS
ECommerce.IntegrationTests,7,2017-07-06T14:46:01Z,SUCCESS
ECommerce.IntegrationTests,7,2017-07-06T08:53:47Z,SUCCESS
ECommerce.IntegrationTests,8,2017-07-06T08:03:05Z,SUCCESS
ECommerce.IntegrationTests,7,2017-07-05T10:59:06Z,SUCCESS
ECommerce.IntegrationTests,7,2017-07-05T08:26:55Z,SUCCESS
ECommerce.IntegrationTests,7,2017-07-04T14:59:58Z,SUCCESS
ECommerce.UnitTests,22,2017-08-03T08:53:16Z,SUCCESS
ECommerce.UnitTests,20,2017-08-03T08:35:20Z,SUCCESS
ECommerce.UnitTests,22,2017-08-03T08:20:02Z,SUCCESS
ECommerce.UnitTests,21,2017-08-03T08:04:08Z,SUCCESS
ECommerce.UnitTests,26,2017-08-02T11:22:14Z,SUCCESS
ECommerce.UnitTests,22,2017-08-02T09:19:52Z,SUCCESS
ECommerce.UnitTests,23,2017-08-02T09:11:24Z,SUCCESS
ECommerce.UnitTests,22,2017-08-02T08:29:50Z,SUCCESS
ECommerce.UnitTests,20,2017-08-01T16:33:53Z,SUCCESS
ECommerce.UnitTests,16,2017-08-01T15:30:00Z,SUCCESS
ECommerce.UnitTests,21,2017-08-01T13:18:01Z,SUCCESS
ECommerce.UnitTests,21,2017-08-01T11:34:39Z,SUCCESS
ECommerce.UnitTests,21,2017-08-01T10:33:56Z,SUCCESS
ECommerce.UnitTests,21,2017-08-01T09:33:55Z,SUCCESS
ECommerce.UnitTests,23,2017-08-01T07:39:55Z,SUCCESS
ECommerce.UnitTests,22,2017-07-31T15:12:45Z,SUCCESS
ECommerce.UnitTests,22,2017-07-31T14:36:03Z,SUCCESS
ECommerce.UnitTests,22,2017-07-31T13:25:32Z,SUCCESS
ECommerce.UnitTests,34,2017-07-31T11:42:57Z,SUCCESS
ECommerce.UnitTests,21,2017-07-28T15:17:16Z,SUCCESS
ECommerce.UnitTests,21,2017-07-28T14:47:16Z,SUCCESS
ECommerce.UnitTests,22,2017-07-28T14:11:24Z,SUCCESS
ECommerce.UnitTests,21,2017-07-28T13:28:13Z,SUCCESS
ECommerce.UnitTests,21,2017-07-28T13:04:11Z,SUCCESS
ECommerce.UnitTests,27,2017-07-28T12:55:44Z,SUCCESS
ECommerce.UnitTests,20,2017-07-28T11:31:56Z,SUCCESS
ECommerce.UnitTests,28,2017-07-28T11:24:06Z,SUCCESS
ECommerce.UnitTests,21,2017-07-28T10:45:24Z,SUCCESS
ECommerce.UnitTests,21,2017-07-28T10:00:37Z,SUCCESS
ECommerce.UnitTests,21,2017-07-28T09:42:30Z,SUCCESS
ECommerce.UnitTests,21,2017-07-26T13:30:32Z,SUCCESS
ECommerce.UnitTests,20,2017-07-26T09:39:50Z,SUCCESS
ECommerce.UnitTests,16,2017-07-24T12:42:20Z,SUCCESS
ECommerce.UnitTests,15,2017-07-24T11:52:50Z,SUCCESS
ECommerce.UnitTests,16,2017-07-24T09:22:48Z,SUCCESS
ECommerce.UnitTests,18,2017-07-24T08:42:46Z,SUCCESS
ECommerce.UnitTests,18,2017-07-24T08:31:55Z,SUCCESS
ECommerce.UnitTests,15,2017-07-24T08:15:46Z,SUCCESS
ECommerce.UnitTests,16,2017-07-24T07:10:51Z,SUCCESS
ECommerce.UnitTests,16,2017-07-21T15:27:14Z,SUCCESS
ECommerce.UnitTests,16,2017-07-21T09:37:59Z,SUCCESS
ECommerce.UnitTests,15,2017-07-20T15:00:50Z,SUCCESS
ECommerce.UnitTests,14,2017-07-20T08:15:48Z,SUCCESS
ECommerce.UnitTests,16,2017-07-19T14:00:35Z,SUCCESS
ECommerce.UnitTests,14,2017-07-19T13:03:34Z,SUCCESS
ECommerce.UnitTests,16,2017-07-18T14:30:07Z,SUCCESS
ECommerce.UnitTests,15,2017-07-18T14:20:16Z,SUCCESS
ECommerce.UnitTests,14,2017-07-18T13:37:04Z,SUCCESS
ECommerce.UnitTests,15,2017-07-18T13:14:44Z,SUCCESS
ECommerce.UnitTests,14,2017-07-18T12:23:34Z,SUCCESS
ECommerce.UnitTests,15,2017-07-18T10:10:24Z,SUCCESS
ECommerce.UnitTests,15,2017-07-18T10:05:18Z,SUCCESS
ECommerce.UnitTests,14,2017-07-17T15:08:23Z,SUCCESS
ECommerce.UnitTests,15,2017-07-17T14:59:08Z,SUCCESS
ECommerce.UnitTests,15,2017-07-17T14:20:53Z,SUCCESS
ECommerce.UnitTests,15,2017-07-17T13:40:34Z,SUCCESS
ECommerce.UnitTests,16,2017-07-17T13:24:05Z,SUCCESS
ECommerce.UnitTests,18,2017-07-17T13:12:05Z,SUCCESS
ECommerce.UnitTests,15,2017-07-17T12:57:00Z,SUCCESS
ECommerce.UnitTests,18,2017-07-17T12:52:01Z,SUCCESS
ECommerce.UnitTests,15,2017-07-17T10:25:31Z,SUCCESS
ECommerce.UnitTests,15,2017-07-17T10:11:41Z,SUCCESS
ECommerce.UnitTests,15,2017-07-17T07:54:35Z,SUCCESS
ECommerce.UnitTests,16,2017-07-14T14:32:01Z,SUCCESS
ECommerce.UnitTests,14,2017-07-13T14:16:50Z,SUCCESS
ECommerce.UnitTests,14,2017-07-13T14:06:41Z,SUCCESS
ECommerce.UnitTests,14,2017-07-13T13:56:30Z,SUCCESS
ECommerce.UnitTests,14,2017-07-13T13:34:27Z,SUCCESS
ECommerce.UnitTests,14,2017-07-13T13:16:42Z,SUCCESS
ECommerce.UnitTests,14,2017-07-13T10:29:52Z,SUCCESS
ECommerce.UnitTests,14,2017-07-13T10:01:57Z,SUCCESS
ECommerce.UnitTests,14,2017-07-12T12:33:49Z,SUCCESS
ECommerce.UnitTests,15,2017-07-12T10:33:52Z,SUCCESS
ECommerce.UnitTests,15,2017-07-12T10:17:37Z,SUCCESS
ECommerce.UnitTests,13,2017-07-11T15:12:20Z,SUCCESS
ECommerce.UnitTests,14,2017-07-11T15:04:27Z,SUCCESS
ECommerce.UnitTests,13,2017-07-11T14:56:15Z,SUCCESS
ECommerce.UnitTests,13,2017-07-11T14:49:48Z,SUCCESS
ECommerce.UnitTests,14,2017-07-11T14:40:25Z,SUCCESS
ECommerce.UnitTests,13,2017-07-11T11:38:11Z,SUCCESS
ECommerce.UnitTests,15,2017-07-11T11:03:05Z,SUCCESS
ECommerce.UnitTests,14,2017-07-11T10:47:14Z,SUCCESS
ECommerce.UnitTests,14,2017-07-11T09:17:42Z,SUCCESS
ECommerce.UnitTests,14,2017-07-10T14:30:25Z,SUCCESS
ECommerce.UnitTests,15,2017-07-10T13:34:35Z,SUCCESS
ECommerce.UnitTests,14,2017-07-10T08:44:10Z,SUCCESS
ECommerce.UnitTests,14,2017-07-10T08:26:31Z,SUCCESS
ECommerce.UnitTests,14,2017-07-07T12:10:13Z,SUCCESS
ECommerce.UnitTests,14,2017-07-07T11:33:07Z,SUCCESS
ECommerce.UnitTests,13,2017-07-07T09:13:19Z,SUCCESS
ECommerce.UnitTests,14,2017-07-07T08:46:31Z,SUCCESS
ECommerce.UnitTests,16,2017-07-07T08:41:39Z,SUCCESS
ECommerce.UnitTests,14,2017-07-06T15:34:33Z,SUCCESS
ECommerce.UnitTests,14,2017-07-06T14:57:36Z,SUCCESS
ECommerce.UnitTests,13,2017-07-06T14:45:48Z,SUCCESS
ECommerce.UnitTests,14,2017-07-06T08:53:33Z,SUCCESS
ECommerce.UnitTests,15,2017-07-06T08:02:50Z,SUCCESS
ECommerce.UnitTests,15,2017-07-05T10:58:51Z,SUCCESS
ECommerce.UnitTests,14,2017-07-05T08:26:41Z,SUCCESS
ECommerce.UnitTests,14,2017-07-04T14:59:44Z,SUCCESS
ECommerce.UpdateStaging,27,2017-08-03T08:54:42Z,SUCCESS
ECommerce.UpdateStaging,25,2017-08-03T08:36:42Z,SUCCESS
ECommerce.UpdateStaging,27,2017-08-03T08:21:27Z,SUCCESS
ECommerce.UpdateStaging,27,2017-08-03T08:05:32Z,SUCCESS
ECommerce.UpdateStaging,30,2017-08-02T11:23:47Z,SUCCESS
ECommerce.UpdateStaging,33,2017-08-02T09:21:16Z,SUCCESS
ECommerce.UpdateStaging,26,2017-08-02T09:12:56Z,SUCCESS
ECommerce.UpdateStaging,29,2017-08-02T08:31:16Z,SUCCESS
ECommerce.UpdateStaging,28,2017-08-01T16:35:16Z,SUCCESS
ECommerce.UpdateStaging,26,2017-08-01T15:31:05Z,SUCCESS
ECommerce.UpdateStaging,26,2017-08-01T13:19:24Z,SUCCESS
ECommerce.UpdateStaging,28,2017-08-01T11:35:59Z,SUCCESS
ECommerce.UpdateStaging,31,2017-08-01T10:35:14Z,SUCCESS
ECommerce.UpdateStaging,33,2017-08-01T09:35:18Z,SUCCESS
ECommerce.UpdateStaging,28,2017-08-01T07:41:17Z,SUCCESS
ECommerce.UpdateStaging,33,2017-07-31T15:14:10Z,SUCCESS
ECommerce.UpdateStaging,32,2017-07-31T14:37:25Z,SUCCESS
ECommerce.UpdateStaging,30,2017-07-31T13:27:00Z,SUCCESS
ECommerce.UpdateStaging,29,2017-07-31T11:44:35Z,SUCCESS
ECommerce.UpdateStaging,30,2017-07-28T15:18:40Z,SUCCESS
ECommerce.UpdateStaging,30,2017-07-28T14:48:40Z,SUCCESS
ECommerce.UpdateStaging,28,2017-07-28T14:12:49Z,SUCCESS
ECommerce.UpdateStaging,24,2017-07-28T13:29:34Z,SUCCESS
ECommerce.UpdateStaging,28,2017-07-28T13:05:34Z,SUCCESS
ECommerce.UpdateStaging,34,2017-07-28T12:57:19Z,SUCCESS
ECommerce.UpdateStaging,25,2017-07-28T11:33:18Z,SUCCESS
ECommerce.UpdateStaging,26,2017-07-28T11:25:38Z,SUCCESS
ECommerce.UpdateStaging,28,2017-07-28T10:46:47Z,SUCCESS
ECommerce.UpdateStaging,27,2017-07-28T10:02:07Z,SUCCESS
ECommerce.UpdateStaging,34,2017-07-28T09:43:56Z,SUCCESS
ECommerce.UpdateStaging,28,2017-07-26T13:31:56Z,SUCCESS
ECommerce.UpdateStaging,32,2017-07-26T09:41:11Z,SUCCESS
ECommerce.UpdateStaging,24,2017-07-24T12:43:29Z,SUCCESS
ECommerce.UpdateStaging,24,2017-07-24T11:53:54Z,SUCCESS
ECommerce.UpdateStaging,26,2017-07-24T09:23:54Z,SUCCESS
ECommerce.UpdateStaging,22,2017-07-24T08:43:53Z,SUCCESS
ECommerce.UpdateStaging,24,2017-07-24T08:33:08Z,SUCCESS
ECommerce.UpdateStaging,26,2017-07-24T08:16:49Z,SUCCESS
ECommerce.UpdateStaging,25,2017-07-24T07:11:53Z,SUCCESS
ECommerce.UpdateStaging,27,2017-07-21T15:28:21Z,SUCCESS
EmailService.AcceptanceTests,16,2017-08-03T07:26:37Z,SUCCESS
EmailService.AcceptanceTests,16,2017-08-02T07:26:35Z,SUCCESS
EmailService.AcceptanceTests,15,2017-08-01T07:26:37Z,SUCCESS
EmailService.AcceptanceTests,16,2017-07-31T07:26:35Z,SUCCESS
EmailService.AcceptanceTests,14,2017-07-28T07:26:33Z,SUCCESS
EmailService.AcceptanceTests,14,2017-07-27T07:26:38Z,SUCCESS
EmailService.AcceptanceTests,16,2017-07-26T07:26:35Z,SUCCESS
EmailService.AcceptanceTests,20,2017-07-25T07:26:43Z,SUCCESS
EmailService.AcceptanceTests,14,2017-07-24T07:27:34Z,SUCCESS
EmailService.AcceptanceTests,15,2017-07-21T07:26:40Z,SUCCESS
EmailService.AcceptanceTests,16,2017-07-20T07:26:43Z,SUCCESS
EmailService.AcceptanceTests,16,2017-07-19T07:26:40Z,SUCCESS
EmailService.AcceptanceTests,15,2017-07-18T07:26:38Z,SUCCESS
EmailService.AcceptanceTests,12,2017-07-17T07:26:41Z,SUCCESS
EmailService.AcceptanceTests,14,2017-07-14T07:26:43Z,SUCCESS
EmailService.AcceptanceTests,14,2017-07-13T07:26:40Z,SUCCESS
EmailService.AcceptanceTests,13,2017-07-12T07:26:44Z,SUCCESS
EmailService.AcceptanceTests,16,2017-07-11T07:26:40Z,SUCCESS
EmailService.AcceptanceTests,15,2017-07-10T07:26:37Z,SUCCESS
EmailService.AcceptanceTests,13,2017-07-07T07:26:40Z,SUCCESS
EmailService.AcceptanceTests,13,2017-07-06T07:26:41Z,SUCCESS
EmailService.AcceptanceTests,14,2017-07-05T07:26:38Z,SUCCESS
EmailService.AcceptanceTests,13,2017-07-04T07:26:41Z,SUCCESS
EmailService.AcceptanceTests,15,2017-07-03T07:26:40Z,SUCCESS
EmailService.AcceptanceTests,15,2017-06-30T07:26:41Z,SUCCESS
EmailService.AcceptanceTests,14,2017-06-29T07:26:39Z,SUCCESS
EmailService.AcceptanceTests,14,2017-06-28T07:26:38Z,SUCCESS
EmailService.AcceptanceTests,13,2017-06-27T07:26:41Z,SUCCESS
EmailService.AcceptanceTests,28,2017-06-26T07:26:40Z,SUCCESS
EmailService.AcceptanceTests,13,2017-06-23T07:26:39Z,SUCCESS
EmailService.AcceptanceTests,15,2017-06-22T07:26:38Z,SUCCESS
EmailService.AcceptanceTests,16,2017-06-21T07:26:38Z,SUCCESS
EmailService.AcceptanceTests,12,2017-06-20T07:26:41Z,SUCCESS
EmailService.AcceptanceTests,14,2017-06-19T07:26:43Z,SUCCESS
EmailService.AcceptanceTests,13,2017-06-16T07:26:41Z,SUCCESS
EmailService.AcceptanceTests,14,2017-06-15T07:26:38Z,SUCCESS
EmailService.AcceptanceTests,13,2017-06-14T07:26:35Z,SUCCESS
EmailService.AcceptanceTests,15,2017-06-13T07:26:37Z,SUCCESS
EmailService.AcceptanceTests,15,2017-06-12T07:26:37Z,SUCCESS
EmailService.AcceptanceTests,15,2017-06-09T07:26:37Z,SUCCESS
EmailService.AcceptanceTests,15,2017-06-08T07:26:38Z,SUCCESS
EmailService.AcceptanceTests,14,2017-06-07T07:26:36Z,SUCCESS
EmailService.AcceptanceTests,15,2017-06-06T07:26:36Z,SUCCESS
EmailService.AcceptanceTests,13,2017-06-05T07:26:36Z,SUCCESS
EmailService.AcceptanceTests,13,2017-06-02T07:26:35Z,SUCCESS
EmailService.AcceptanceTests,14,2017-06-01T07:26:34Z,SUCCESS
EmailService.AcceptanceTests,14,2017-05-31T07:26:34Z,SUCCESS
EmailService.AcceptanceTests,14,2017-05-30T07:26:37Z,SUCCESS
EmailService.AcceptanceTests,15,2017-05-29T07:26:36Z,SUCCESS
EmailService.AcceptanceTests,13,2017-05-26T07:26:40Z,SUCCESS
EmailService.AcceptanceTests,14,2017-05-25T07:26:33Z,SUCCESS
EmailService.AcceptanceTests,15,2017-05-24T07:26:37Z,SUCCESS
EmailService.AcceptanceTests,13,2017-05-23T07:26:35Z,SUCCESS
EmailService.AcceptanceTests,14,2017-05-22T07:26:33Z,SUCCESS
EmailService.AcceptanceTests,13,2017-05-19T07:26:36Z,SUCCESS
EmailService.AcceptanceTests,14,2017-05-18T07:26:35Z,SUCCESS
EmailService.AcceptanceTests,13,2017-05-17T07:26:33Z,SUCCESS
EmailService.AcceptanceTests,31,2017-05-16T15:15:38Z,SUCCESS
EmailService.AcceptanceTests,13,2017-05-15T07:26:49Z,SUCCESS
EmailService.AcceptanceTests,12,2017-05-12T07:26:48Z,SUCCESS
EmailService.AcceptanceTests,14,2017-05-11T07:26:50Z,SUCCESS
EmailService.AcceptanceTests,13,2017-05-10T07:26:48Z,SUCCESS
EmailService.AcceptanceTests,16,2017-05-09T07:26:47Z,SUCCESS
EmailService.AcceptanceTests,13,2017-05-08T07:26:47Z,SUCCESS
EmailService.AcceptanceTests,13,2017-05-05T07:26:49Z,SUCCESS
EmailService.AcceptanceTests,14,2017-05-04T07:26:47Z,SUCCESS
EmailService.AcceptanceTests,14,2017-05-03T07:26:45Z,SUCCESS
EmailService.AcceptanceTests,15,2017-05-02T07:26:50Z,SUCCESS
EmailService.AcceptanceTests,18,2017-05-01T07:26:49Z,SUCCESS
EmailService.AcceptanceTests,12,2017-04-28T07:26:44Z,SUCCESS
EmailService.AcceptanceTests,19,2017-04-27T07:26:50Z,SUCCESS
EmailService.AcceptanceTests,14,2017-04-25T07:26:50Z,SUCCESS
EmailService.AcceptanceTests,14,2017-04-24T07:26:47Z,SUCCESS
EmailService.AcceptanceTests,18,2017-04-21T07:26:50Z,SUCCESS
EmailService.AcceptanceTests,14,2017-04-20T07:26:48Z,SUCCESS
EmailService.AcceptanceTests,12,2017-04-19T07:26:46Z,SUCCESS
EmailService.AcceptanceTests,13,2017-04-18T07:26:48Z,SUCCESS
EmailService.AcceptanceTests,12,2017-04-17T07:26:46Z,SUCCESS
EmailService.AcceptanceTests,12,2017-04-14T07:26:46Z,SUCCESS
EmailService.AcceptanceTests,11,2017-04-13T07:26:43Z,SUCCESS
EmailService.AcceptanceTests,12,2017-04-12T07:26:46Z,SUCCESS
EmailService.AcceptanceTests,18,2017-04-11T07:26:45Z,SUCCESS
EmailService.AcceptanceTests,13,2017-04-10T07:26:45Z,SUCCESS
EmailService.AcceptanceTests,12,2017-04-07T07:26:47Z,SUCCESS
EmailService.AcceptanceTests,16,2017-04-06T07:26:44Z,SUCCESS
EmailService.AcceptanceTests,13,2017-04-05T07:26:45Z,SUCCESS
EmailService.AcceptanceTests,13,2017-04-04T07:26:44Z,SUCCESS
EmailService.AcceptanceTests,17,2017-04-03T07:26:48Z,SUCCESS
EmailService.AcceptanceTests,12,2017-03-31T07:26:43Z,SUCCESS
EmailService.AcceptanceTests,13,2017-03-30T07:26:44Z,SUCCESS
EmailService.AcceptanceTests,14,2017-03-29T07:26:48Z,SUCCESS
EmailService.AcceptanceTests,13,2017-03-28T07:26:47Z,SUCCESS
EmailService.AcceptanceTests,15,2017-03-27T07:26:45Z,SUCCESS
EmailService.AcceptanceTests,14,2017-03-24T08:26:44Z,SUCCESS
EmailService.AcceptanceTests,14,2017-03-23T08:28:28Z,SUCCESS
EmailService.AcceptanceTests,16,2017-03-22T08:26:45Z,SUCCESS
EmailService.AcceptanceTests,12,2017-03-21T08:26:43Z,SUCCESS
EmailService.AcceptanceTests,13,2017-03-20T08:26:43Z,SUCCESS
EmailService.AcceptanceTests,15,2017-03-17T10:27:01Z,SUCCESS
EmailService.AcceptanceTests,13,2017-03-17T08:26:45Z,SUCCESS
salesforce.push.integrationtests,37,2017-07-31T09:01:00Z,SUCCESS
salesforce.push.integrationtests,27,2017-07-10T09:01:03Z,SUCCESS
salesforce.push.integrationtests,41,2017-07-03T09:01:06Z,SUCCESS
salesforce.push.integrationtests,35,2017-06-26T09:01:06Z,SUCCESS
salesforce.push.integrationtests,34,2017-06-19T09:01:03Z,SUCCESS
salesforce.push.integrationtests,43,2017-06-12T09:00:59Z,SUCCESS
salesforce.push.integrationtests,25,2017-06-09T09:31:51Z,SUCCESS
salesforce.push.integrationtests,35,2017-06-09T09:01:36Z,SUCCESS
salesforce.push.integrationtests,28,2017-06-05T09:01:01Z,SUCCESS
salesforce.push.integrationtests,31,2017-06-02T12:34:33Z,SUCCESS
salesforce.push.integrationtests,30,2017-05-26T13:43:35Z,SUCCESS
salesforce.push.integrationtests,24,2017-04-03T15:39:31Z,SUCCESS
salesforce.push.integrationtests,23,2017-03-30T10:17:55Z,SUCCESS
salesforce.push.integrationtests,33,2017-03-29T16:30:43Z,SUCCESS
salesforce.push.integrationtests,22,2017-03-27T14:21:58Z,SUCCESS
salesforce.push.integrationtests,22,2017-03-24T16:57:09Z,SUCCESS
salesforce.push.integrationtests,24,2017-03-24T13:31:19Z,SUCCESS
salesforce.push.integrationtests,22,2017-03-24T11:44:55Z,SUCCESS
salesforce.push.integrationtests,20,2017-03-22T16:27:48Z,SUCCESS
salesforce.push.integrationtests,26,2017-03-22T16:11:23Z,SUCCESS
salesforce.push.integrationtests,20,2017-03-21T15:03:57Z,SUCCESS
salesforce.push.integrationtests,20,2017-03-21T13:18:56Z,SUCCESS
salesforce.push.integrationtests,21,2017-03-21T13:18:11Z,SUCCESS
salesforce.push.integrationtests,21,2017-03-21T13:17:16Z,SUCCESS
salesforce.push.integrationtests,21,2017-03-21T12:01:55Z,SUCCESS
salesforce.push.integrationtests,19,2017-03-21T10:57:08Z,SUCCESS
salesforce.push.integrationtests,39,2017-03-16T11:33:24Z,SUCCESS
salesforce.push.integrationtests,28,2017-03-13T15:51:52Z,SUCCESS
salesforce.push.test,4,2017-07-31T09:00:45Z,SUCCESS
salesforce.push.test,4,2017-07-24T09:00:48Z,SUCCESS
salesforce.push.test,4,2017-07-17T09:00:51Z,SUCCESS
salesforce.push.test,3,2017-07-10T09:00:48Z,SUCCESS
salesforce.push.test,4,2017-07-03T09:00:51Z,SUCCESS
salesforce.push.test,4,2017-06-26T09:00:51Z,SUCCESS
salesforce.push.test,4,2017-06-19T09:00:48Z,SUCCESS
salesforce.push.test,4,2017-06-12T09:00:44Z,SUCCESS
salesforce.push.test,3,2017-06-09T09:31:36Z,SUCCESS
salesforce.push.test,4,2017-06-09T09:01:21Z,SUCCESS
salesforce.push.test,4,2017-06-05T09:00:46Z,SUCCESS
salesforce.push.test,4,2017-06-02T12:34:18Z,SUCCESS
salesforce.push.test,4,2017-06-02T10:27:16Z,SUCCESS
salesforce.push.test,4,2017-05-26T13:43:20Z,SUCCESS
salesforce.push.test,4,2017-04-03T15:39:16Z,SUCCESS
salesforce.push.test,5,2017-03-30T10:17:40Z,SUCCESS
salesforce.push.test,4,2017-03-30T10:09:05Z,SUCCESS
salesforce.push.test,4,2017-03-30T07:59:49Z,SUCCESS
salesforce.push.test,4,2017-03-29T16:30:28Z,SUCCESS
salesforce.push.test,3,2017-03-27T14:21:43Z,SUCCESS
salesforce.push.test,4,2017-03-27T14:15:17Z,SUCCESS
salesforce.push.test,4,2017-03-27T14:04:12Z,SUCCESS
salesforce.push.test,4,2017-03-27T14:00:47Z,SUCCESS
salesforce.push.test,4,2017-03-27T13:54:27Z,SUCCESS
salesforce.push.test,3,2017-03-27T09:14:30Z,SUCCESS
salesforce.push.test,3,2017-03-24T16:56:54Z,SUCCESS
salesforce.push.test,4,2017-03-24T14:09:49Z,SUCCESS
salesforce.push.test,4,2017-03-24T14:08:14Z,SUCCESS
salesforce.push.test,4,2017-03-24T13:57:19Z,SUCCESS
salesforce.push.test,4,2017-03-24T13:31:04Z,SUCCESS
salesforce.push.test,3,2017-03-24T11:44:40Z,SUCCESS
salesforce.push.test,4,2017-03-24T10:32:04Z,SUCCESS
salesforce.push.test,4,2017-03-23T14:02:17Z,SUCCESS
salesforce.push.test,4,2017-03-23T11:24:02Z,SUCCESS
salesforce.push.test,3,2017-03-22T16:27:33Z,SUCCESS
salesforce.push.test,3,2017-03-22T16:11:08Z,SUCCESS
salesforce.push.test,3,2017-03-21T15:03:42Z,SUCCESS
salesforce.push.test,3,2017-03-21T14:58:52Z,SUCCESS
salesforce.push.test,4,2017-03-21T13:18:41Z,SUCCESS
salesforce.push.test,4,2017-03-21T13:17:56Z,SUCCESS
salesforce.push.test,4,2017-03-21T13:17:01Z,SUCCESS
salesforce.push.test,4,2017-03-21T12:01:40Z,SUCCESS
salesforce.push.test,3,2017-03-21T10:56:53Z,SUCCESS
salesforce.push.test,3,2017-03-21T10:51:08Z,SUCCESS
salesforce.push.test,3,2017-03-21T10:49:23Z,SUCCESS
salesforce.push.test,4,2017-03-21T10:47:53Z,SUCCESS
salesforce.push.test,3,2017-03-21T10:47:01Z,SUCCESS
salesforce.push.test,3,2017-03-21T10:41:43Z,SUCCESS
salesforce.push.test,4,2017-03-20T15:58:06Z,SUCCESS
salesforce.push.test,4,2017-03-16T11:33:09Z,SUCCESS
salesforce.push.test,3,2017-03-13T15:51:37Z,SUCCESS
